{"title":"Professional Project Overview","markdown":{"yaml":{"title":"simple_quarto_website"},"headingText":"    toc: true","containsRefs":false,"markdown":"\n\nThis is a Quarto website.\n\nTo learn more about Quarto websites visit <https://quarto.org/docs/websites>.\n\n\n\n\n\n\n---\ntitle: \"Professional Project Overview\"\noutput:\n  html_document:\n\n# Introduction {#section1}\n\nLorem ipsum dolor sit amet, consectetur adipiscing elit. Sed do eiusmod tempor incididunt ut labore et dolore magna aliqua.\n\n## Overview {#subsection1}\n\nLorem Ipsum is simply dummy text of the printing and typesetting industry. Lorem Ipsum has been the industry's standard dummy text ever since the 1500s, when an unknown printer took a galley of type and scrambled it to make a type specimen book. It has survived not only five centuries, but also the leap into electronic typesetting, remaining essentially unchanged. It was popularised in the 1960s with the release of Letraset sheets containing Lorem Ipsum passages, and more recently with desktop publishing software like Aldus PageMaker including versions of Lorem Ipsum.\n\n### Two Columns Text\n\n:::::: {.columns}\n::: {.column}\n- Performance Tracking\n- Time Based Filtering\n:::\n::: {.column}\nFor monitoring changes in performance of a cyclist, an ergometer should introduce negligible random error (variation) in its measurements; in this respect, SRM cranks appear to be the best ergometer, but more comparison studies of ergometers are needed. [@paton2001tests].\n:::\n::::::\n\n### Table Example\n\n| Header1 | Header2 | Header3 |\n|---------|---------|---------|\n| Data1   | Data2   | Data3   |\n\n## Equations {#subsection2}\n\nInline Math Equation: $E=mc^2$\n\nNon-Inline Math Equation:\n\n$$\nF = ma\n$$\n\n## Additional Sections {#subsection3}\n\n> \"Pictures and Video\"\n\n![Image1 Description](images\\pic1.png)\n![Image2 Description](images\\pic2.png)\n\n[![Video Description]](https://www.youtube.com/watch?v=KWPC7zj2e2E)\n\n### Mermaid Diagram\n\n```mermaid\ngraph TB\n    c1-->a2\n    subgraph one\n    a1-->a2\n    end\n    subgraph two\n    b1-->b2\n    end\n    subgraph three\n    c1-->c2\n    end\n\n\n\n\n","srcMarkdownNoYaml":"\n\nThis is a Quarto website.\n\nTo learn more about Quarto websites visit <https://quarto.org/docs/websites>.\n\n\n\n\n\n\n---\ntitle: \"Professional Project Overview\"\noutput:\n  html_document:\n    toc: true\n---\n\n# Introduction {#section1}\n\nLorem ipsum dolor sit amet, consectetur adipiscing elit. Sed do eiusmod tempor incididunt ut labore et dolore magna aliqua.\n\n## Overview {#subsection1}\n\nLorem Ipsum is simply dummy text of the printing and typesetting industry. Lorem Ipsum has been the industry's standard dummy text ever since the 1500s, when an unknown printer took a galley of type and scrambled it to make a type specimen book. It has survived not only five centuries, but also the leap into electronic typesetting, remaining essentially unchanged. It was popularised in the 1960s with the release of Letraset sheets containing Lorem Ipsum passages, and more recently with desktop publishing software like Aldus PageMaker including versions of Lorem Ipsum.\n\n### Two Columns Text\n\n:::::: {.columns}\n::: {.column}\n- Performance Tracking\n- Time Based Filtering\n:::\n::: {.column}\nFor monitoring changes in performance of a cyclist, an ergometer should introduce negligible random error (variation) in its measurements; in this respect, SRM cranks appear to be the best ergometer, but more comparison studies of ergometers are needed. [@paton2001tests].\n:::\n::::::\n\n### Table Example\n\n| Header1 | Header2 | Header3 |\n|---------|---------|---------|\n| Data1   | Data2   | Data3   |\n\n## Equations {#subsection2}\n\nInline Math Equation: $E=mc^2$\n\nNon-Inline Math Equation:\n\n$$\nF = ma\n$$\n\n## Additional Sections {#subsection3}\n\n> \"Pictures and Video\"\n\n![Image1 Description](images\\pic1.png)\n![Image2 Description](images\\pic2.png)\n\n[![Video Description]](https://www.youtube.com/watch?v=KWPC7zj2e2E)\n\n### Mermaid Diagram\n\n```mermaid\ngraph TB\n    c1-->a2\n    subgraph one\n    a1-->a2\n    end\n    subgraph two\n    b1-->b2\n    end\n    subgraph three\n    c1-->c2\n    end\n\n\n\n\n"},"formats":{"html":{"identifier":{"display-name":"HTML","target-format":"html","base-format":"html"},"execute":{"fig-width":7,"fig-height":5,"fig-format":"retina","fig-dpi":96,"df-print":"default","error":false,"eval":true,"cache":null,"freeze":false,"echo":true,"output":{"html_document":{"toc":true}},"warning":true,"include":true,"keep-md":false,"keep-ipynb":false,"ipynb":null,"enabled":null,"daemon":null,"daemon-restart":false,"debug":false,"ipynb-filters":[],"engine":"markdown"},"render":{"keep-tex":false,"keep-source":false,"keep-hidden":false,"prefer-html":false,"output-divs":true,"output-ext":"html","fig-align":"default","fig-pos":null,"fig-env":null,"code-fold":"none","code-overflow":"scroll","code-link":false,"code-line-numbers":false,"code-tools":false,"tbl-colwidths":"auto","merge-includes":true,"inline-includes":false,"preserve-yaml":false,"latex-auto-mk":true,"latex-auto-install":true,"latex-clean":true,"latex-max-runs":10,"latex-makeindex":"makeindex","latex-makeindex-opts":[],"latex-tlmgr-opts":[],"latex-input-paths":[],"latex-output-dir":null,"link-external-icon":false,"link-external-newwindow":false,"self-contained-math":false,"format-resources":[],"notebook-links":true,"format-links":true},"pandoc":{"standalone":true,"wrap":"none","default-image-extension":"png","to":"html","toc":true,"output-file":"index.html"},"language":{"toc-title-document":"Table of contents","toc-title-website":"On this page","related-formats-title":"Other Formats","related-notebooks-title":"Notebooks","source-notebooks-prefix":"Source","section-title-abstract":"Abstract","section-title-appendices":"Appendices","section-title-footnotes":"Footnotes","section-title-references":"References","section-title-reuse":"Reuse","section-title-copyright":"Copyright","section-title-citation":"Citation","appendix-attribution-cite-as":"For attribution, please cite this work as:","appendix-attribution-bibtex":"BibTeX citation:","title-block-author-single":"Author","title-block-author-plural":"Authors","title-block-affiliation-single":"Affiliation","title-block-affiliation-plural":"Affiliations","title-block-published":"Published","title-block-modified":"Modified","callout-tip-title":"Tip","callout-note-title":"Note","callout-warning-title":"Warning","callout-important-title":"Important","callout-caution-title":"Caution","code-summary":"Code","code-tools-menu-caption":"Code","code-tools-show-all-code":"Show All Code","code-tools-hide-all-code":"Hide All Code","code-tools-view-source":"View Source","code-tools-source-code":"Source Code","code-line":"Line","code-lines":"Lines","copy-button-tooltip":"Copy to Clipboard","copy-button-tooltip-success":"Copied!","repo-action-links-edit":"Edit this page","repo-action-links-source":"View source","repo-action-links-issue":"Report an issue","back-to-top":"Back to top","search-no-results-text":"No results","search-matching-documents-text":"matching documents","search-copy-link-title":"Copy link to search","search-hide-matches-text":"Hide additional matches","search-more-match-text":"more match in this document","search-more-matches-text":"more matches in this document","search-clear-button-title":"Clear","search-detached-cancel-button-title":"Cancel","search-submit-button-title":"Submit","search-label":"Search","toggle-section":"Toggle section","toggle-sidebar":"Toggle sidebar navigation","toggle-dark-mode":"Toggle dark mode","toggle-reader-mode":"Toggle reader mode","toggle-navigation":"Toggle navigation","crossref-fig-title":"Figure","crossref-tbl-title":"Table","crossref-lst-title":"Listing","crossref-thm-title":"Theorem","crossref-lem-title":"Lemma","crossref-cor-title":"Corollary","crossref-prp-title":"Proposition","crossref-cnj-title":"Conjecture","crossref-def-title":"Definition","crossref-exm-title":"Example","crossref-exr-title":"Exercise","crossref-ch-prefix":"Chapter","crossref-apx-prefix":"Appendix","crossref-sec-prefix":"Section","crossref-eq-prefix":"Equation","crossref-lof-title":"List of Figures","crossref-lot-title":"List of Tables","crossref-lol-title":"List of Listings","environment-proof-title":"Proof","environment-remark-title":"Remark","environment-solution-title":"Solution","listing-page-order-by":"Order By","listing-page-order-by-default":"Default","listing-page-order-by-date-asc":"Oldest","listing-page-order-by-date-desc":"Newest","listing-page-order-by-number-desc":"High to Low","listing-page-order-by-number-asc":"Low to High","listing-page-field-date":"Date","listing-page-field-title":"Title","listing-page-field-description":"Description","listing-page-field-author":"Author","listing-page-field-filename":"File Name","listing-page-field-filemodified":"Modified","listing-page-field-subtitle":"Subtitle","listing-page-field-readingtime":"Reading Time","listing-page-field-categories":"Categories","listing-page-minutes-compact":"{0} min","listing-page-category-all":"All","listing-page-no-matches":"No matching items"},"metadata":{"lang":"en","fig-responsive":true,"quarto-version":"1.3.450","theme":"cosmo","title":"Professional Project Overview"},"extensions":{"book":{"multiFile":true}}}},"projectFormats":["html"]}